tag,videos,median_er_pct,median_views
fyp,417,9.003870967741936,85900.0
foryou,272,8.418366853272513,78900.0
foryoupage,174,9.093716537846355,73050.0
fy,116,6.785166472037301,86950.0
fitness,87,8.978319783197831,80500.0
workout,73,9.012738853503183,81900.0
voorjou,72,7.929268794451302,84450.0
viral,65,8.041280148423006,86900.0
animeedit,63,21.24886191198786,103300.0
anime,50,21.237966458952506,124650.0
gym,49,8.238699847638395,90200.0
transition,43,11.590778097982708,54800.0
horadearrasar,40,10.612604229128719,65450.0
duet,40,8.240003672340794,77450.0
powerlifting,39,10.469866666666666,89600.0
bodybuilding,39,9.823293172690763,90800.0
dutch,36,8.823997019085766,71700.0
horse,32,14.763066202090592,77000.0
xyzbca,31,8.89604743083004,90200.0
fittok,31,10.861176470588235,81300.0
deadlift,29,9.823293172690763,81300.0
powertok,29,10.861176470588235,86600.0
tiktok,27,7.748387096774194,73600.0
recommendations,26,13.083852615359646,74900.0
fypシ,25,11.133333333333335,79200.0
f1,24,8.271718944485935,108600.0
funny,24,9.58730674087817,91550.0
voorjoupagina,21,7.35002635740643,116600.0
trending,20,8.92728280058596,93950.0
bodybuilder,19,6.112903225806451,35700.0
formula1,18,8.917898299721895,97450.0
gymshark,18,6.13693106495802,38650.0
naruto,17,21.1194,143700.0
parati,17,14.541401273885352,88800.0
training,16,5.447258007820853,80750.0
dance,16,7.531729864192551,49250.0
equestrian,15,23.612109744560076,105700.0
billieeilish,15,13.494864907568335,62700.0
stitch,14,10.845683225959316,109000.0
trend,13,8.81267217630854,52400.0
otaku,13,18.52753623188406,123900.0
edit,12,23.10757702340966,70500.0
wwe,11,3.894171779141104,74500.0
motivation,11,7.9967741935483865,95000.0
nederland,11,11.940298507462686,97900.0
рекомендации,11,11.474140600805203,56700.0
weeb,10,21.491633131444523,105750.0
army,10,9.691664340045351,81350.0
squat,10,9.706464811189523,80200.0
