feature,group,n,median,ci_low,ci_high,reliable
duration_bucket,<15s,501,8.183168316831683,7.715901060070672,8.978319783197831,True
duration_bucket,15-30s,330,8.602273353886257,8.076806646470345,9.247144229742714,True
duration_bucket,30s+,169,10.861176470588235,9.835593220338982,11.648004983275262,True
hashtag_bin,0,147,8.848035581912528,8.015452538631347,10.47136563876652,True
hashtag_bin,1-2,126,7.922981632631556,7.22457627118644,8.957036677277223,True
hashtag_bin,3-4,176,8.050316679779701,7.303804845369882,8.913728612589289,True
hashtag_bin,5-7,266,8.974989376086537,8.340344168260039,9.962072697260059,True
hashtag_bin,8+,285,9.804,9.012738853503183,11.009852216748769,True
caption_len_quintile,Q1 (shortest),200,8.093654751622879,7.641785142379109,9.190649323816679,True
caption_len_quintile,Q2,200,8.09080060750705,7.474358137914161,8.907871424955708,True
caption_len_quintile,Q3,200,8.660702242565147,7.917898780487804,9.331695496226976,True
caption_len_quintile,Q4,200,9.386802620610988,8.683679525222551,10.32871396895787,True
caption_len_quintile,Q5 (longest),200,10.158007375701654,9.147874169062504,11.46307098175925,True
sound_type,original sound,746,9.141354723707664,8.736811926605505,9.696707693350966,True
sound_type,other sound,254,8.021203776553895,7.100044295648011,8.77105836733748,True
verified_label,not verified,944,8.739794065285755,8.264564588484882,9.114671437865972,True
verified_label,verified,56,11.655396860986547,9.92289295154185,13.652005624515876,True
daypart,night (0-5),154,9.926372148659174,8.614133916950077,10.96856291883842,True
daypart,morning (6-11),158,7.886528735632185,7.517288583673953,8.61502113794694,True
daypart,afternoon (12-17),400,8.869290518228992,8.228455273588022,9.26990291262136,True
daypart,evening (18-23),288,9.262993872549018,8.457277669504565,10.605850265013375,True
posting_weekday,Monday,126,8.194546636526159,7.45879636311156,8.789638932496075,True
posting_weekday,Tuesday,134,8.912728348574504,7.76365625,10.090079744900233,True
posting_weekday,Wednesday,168,8.872041506371284,8.043456753991205,10.234090327205696,True
posting_weekday,Thursday,153,10.136017078377554,8.544642857142858,11.218503361590178,True
posting_weekday,Friday,148,8.598048005977398,7.602240520498924,9.253858881670102,True
posting_weekday,Saturday,123,10.124333333333334,8.827546026567234,11.278937381404175,True
posting_weekday,Sunday,148,8.372149567753038,7.703594637316317,9.391803278688524,True
